YEAR,ED_MATH_SCORE_CORR
2003,0.5241886115665607
2005,0.5441306528345683
2007,0.6078173553383807
2009,0.6426304605689456
2011,0.6031052187551349
2013,0.5523291622546589
2015,0.6950755632394838
